STT,Bình luận Tiếng Anh,Bình luận Tiếng Việt,Ngày đã comment,Cảm xúc
1,"I don't think Lost in Space was a bad movie. Is it a movie to be honored the all-time best? No, it's not. There are flaws in this movie, but I don't care too much. The movie is about a family, the Robinsons trying to go to the other habitable planet in the galaxy. They do all right until the villain, Spider Smith tries to kill the family and he ruins the navigational system. Now the Robinsons are lost. The acting is OK. Some of the actors did a great job such as Matt LeBlanc and Gary Oldman. The rest did OK. The special effects are not as good as movies from the time period such as Armageddon or Godzilla. The effects are good, though. I was disappointed in the writing. Akiva Goldsman is a respected writer with talent. For a bad script, all the actors did a good job. The music is pretty good. I liked the electronic soundtrack. I give this movie a 7/10 because I liked the space scenery, the gadgets, and the action.","Tôi không nghĩ mất trong không gian là một bộ phim tồi.Đây có phải là một bộ phim được vinh danh nhất mọi thời đại?Không, không phải.Có những sai sót trong bộ phim này, nhưng tôi không quan tâm quá nhiều.Bộ phim nói về một gia đình, Robinsons đang cố gắng đi đến hành tinh có thể ở khác trong thiên hà.Họ làm tốt cho đến khi nhân vật phản diện, Spider Smith cố gắng giết gia đình và anh ta hủy hoại hệ thống điều hướng.Bây giờ Robinsons bị mất.Diễn xuất là ok.Một số diễn viên đã làm một công việc tuyệt vời như Matt LeBlanc và Gary Oldman.Các Nghỉ ngơi đã làm tốt.Các hiệu ứng đặc biệt không tốt bằng các bộ phim từ khoảng thời gian như Armageddon hoặc Godzilla.Các hiệu ứng là tốt, mặc dù.Tôi đã thất vọng về văn bản.Akiva Goldsman là một nhà văn đáng kính với tài năng.Đối với một kịch bản xấu, tất cả các diễn viên đã làm một công việc tốt.Âm nhạc khá hay.Tôi thích nhạc phim điện tử.Tôi cho bộ phim này 7/10 vì tôi thích khung cảnh không gian, các tiện ích và hành động.",12 November 2008,Không xác định
2,"Frankly, I don't think this movie is as bad as some people make it out to be.   I like the early episodes of the original series (particulary the first six), when the show had a more serious tone (and before Jonathan Harris sabotaged it by turning up the comic antics as Dr. Smith) and it's nice to see the film stay closer to that serious tone and not emulate the more campy aspects of the series from its later episodes.   The cast is good for the most part and I love the visual FX.However, once the Jupiter 2 crashes on the planet and we get caught up in the time travel older Will Robinson bit, that's when the movie falls apart completely.   And the biggest mistake of all is that the older Will Robinson is not played by original Will Robinson, Bill Mumy, even though he badly wanted to play the part.  Having listened to the comments of the director on why he didn't cast Mumy on the DVD, I have to say his explanation doesn't wash.  Especially when both he and the scriptwriter concede that the device of using the ""older Will Robinson"" didn't work on the screen as it did in writing.   It never occurs to them that maybe the scene would have worked if this new character sprung on us was someone with a definable connection to the old show.","Thành thật mà nói, tôi không nghĩ bộ phim này tệ như một số người làm cho nó trở thành.Tôi thích các tập đầu của loạt phim gốc (Hạt nhân thứ sáu đầu tiên), khi chương trình có giai điệu nghiêm túc hơn (và trước khi Jonathan Harris phá hoại nó bằng cách bật các trò hề truyện tranh như Tiến sĩ Smith) và thật tuyệt khi thấy bộ phim ở lạiGần hơn với giai điệu nghiêm túc đó và không mô phỏng các khía cạnh cắm trại hơn của bộ truyện từ các tập sau của nó.Các diễn viên là tốt cho hầu hết các phần và tôi yêu thích hình ảnh fx. Tuy nhiên, một lần Anh ta Jupiter 2 gặp sự cố trên hành tinh và chúng ta bị cuốn vào thời gian du hành cũ hơn Will Robinson bit, đó là khi bộ phim sụp đổ hoàn toàn.Và sai lầm lớn nhất trong tất cả là Will Robinson lớn tuổi không được chơi bởi Will Robinson, Bill Mumy, mặc dù anh ta rất muốn đóng vai trò.Đã lắng nghe những bình luận của đạo diễn về lý do tại sao anh ấy không đưa Mumy vào DVD, tôi phải nói lời giải thích của anh ấy không rửa sạch.Đặc biệt là khi cả anh ấy và người viết kịch bản thừa nhận điều đó Thiết bị sử dụng ""Will Robinson cũ hơn"" đã không hoạt động trên màn hình như đã làm bằng văn bản.Nó không bao giờ xảy ra với họ rằng có lẽ cảnh sẽ hoạt động nếu nhân vật mới này xuất hiện trên chúng tôi là một người có mối liên hệ rõ ràng với chương trình cũ.",9 January 2000,Không xác định
3,"Dr. John Robinson (William Hurt) is taking his family into deep space to find a life-supporting planet for the human race. Things on earth are deteriorating, to say the least. Going along with him are his scientist wife Maureen (Mimi Rogers), his brilliant daughter, Judy (Heather Graham) and his equally intelligent children Penny and Will. Needing a good pilot, Dr. Robinson nabs hotshot airman Mark West (Matt LaBlanc) to fly their spaceship. Evil Doctor Smith (Gary Oldman) tries to sabotage the vessel but ends up getting caught on board. Amid the ensuing chaos, the ship goes off course and gets lost. Between battling spider-like creatures and their own killer robot, the Robinsons still hope to reach their destination. Will they? This movie starts off with a bang and ends with a whimper. The problem? Well, it is not the terrific cast. Hurt, Rogers and Oldman are wonderful in their respective roles, while Graham and LaBlanc delight the audience with their wit and charm as the couple who provide the movie's romantic elements. All other cast members are quite fine as well. The production looks nice, too, with great costumes, sets, and special effects. So, that leaves the uneven script. It starts off well, with a quick look at the Robinsons' quest and the plotting of Dr. Smith. There are even some great lines, such as the one Maureen hurls at John and Mark, as they are sparring. ""If you guys are done hosing down the deck with testosterone..."" had me laughing heartily. But, it all just fizzles somewhere in the middle and ends up being utter nonsense, a plot without a cause. What a shame. Those of us who loved the sixties television series deserved better. If you are partial to any of the cast members, from Hurt to Graham to Oldman, do make time for this film, someday. They are the reason to see this movie, for they are a joy to watch, even in a film as lame as this one.","Tiến sĩ John Robinson (William Hurt) đang đưa gia đình vào không gian sâu để tìm một hành tinh hỗ trợ cuộc sống cho loài người.Những điều trên trái đất đang xấu đi, để nói rằng ít nhất.Đi cùng với anh ta là người vợ khoa học Maureen (Mimi Rogers), cô con gái tài giỏi của anh ta, Judy (Heather Graham) và những đứa con thông minh không kém của anh ta Penny và Will.Cần một phi công giỏi, Tiến sĩ Robinson NABS Airman Mark West (Matt Lablanc) để bay tàu vũ trụ của họ.Bác sĩ xấu xa Smith (Gary Oldman) cố gắng phá hoại Tàu nhưng cuối cùng bị bắt trên tàu.Giữa sự hỗn loạn sau đó, con tàu đi ra ngoài và bị lạc.Giữa những sinh vật giống như nhện và robot giết người của chính họ, Robinsons vẫn hy vọng sẽ đến đích.Họ sẽ?Bộ phim này bắt đầu với một tiếng nổ và kết thúc với một tiếng thút thít.Vấn đề?Vâng, nó không phải là dàn diễn viên tuyệt vời.Hurt, Rogers và Oldman rất tuyệt vời trong vai trò tương ứng của họ, trong khi Graham và Lablanc làm hài lòng khán giả với sự dí dỏm và quyến rũ của họ là cặp đôi Cung cấp các yếu tố lãng mạn của bộ phim.Tất cả các diễn viên khác cũng khá ổn.Việc sản xuất cũng có vẻ đẹp, với trang phục, bộ và hiệu ứng đặc biệt tuyệt vời.Vì vậy, điều đó để lại kịch bản không đồng đều.Nó bắt đầu tốt, với một cái nhìn nhanh về nhiệm vụ của Robinsons và âm mưu của Tiến sĩ Smith.Thậm chí còn có một số dòng tuyệt vời, chẳng hạn như một Maureen ném vào John và Mark, khi họ đang sparring.""Nếu các bạn đã hoàn thành việc hạ gục bộ bài với testosterone ..."" đã khiến tôi cười một cách chân thành.Nhưng, tất cả Chỉ cần fizz ở đâu đó ở giữa và cuối cùng trở nên vô nghĩa, một âm mưu không có nguyên nhân.Xấu hổ làm sao.Những người trong chúng ta yêu thích bộ phim truyền hình sáu mươi xứng đáng tốt hơn.Nếu bạn là một phần của bất kỳ thành viên diễn viên nào, từ Hurt đến Graham đến Oldman, hãy dành thời gian cho bộ phim này, một ngày nào đó.Chúng là lý do để xem bộ phim này, vì chúng là một niềm vui để xem, ngay cả trong một bộ phim khập khiễng như bộ này.",22 June 2007,Không xác định
4,"Actually, I was quite surprised at how much fun I thought this movie was. Hardly perfect by any measure and, sure, there were some elements that were intrusive, but I found it to be quite faithful to the TV show - it used plots and elements from the early episodes. Even with the newer designs, they incorporated older aspects - the planet REALLY looked like a better version of one of their old sets.Furthermore, Oldman managed to peg Dr. Smith perfectly, taking in all the old camp elements and putting them to very good use - even using some old catch phrases in different ways.As diversionary, light sci-fi adventure goes, I thought this was great and I'm usually very picky about this kind of thing. It was fun and a pretty good kids' movie.The only thing really missing was Billy Mumy.","Trên thực tế, tôi đã khá ngạc nhiên về việc tôi nghĩ bộ phim này là bao nhiêu.Hầu như không hoàn hảo bởi bất kỳ biện pháp nào và, chắc chắn, có một số yếu tố xâm phạm, nhưng tôi thấy nó khá trung thành với chương trình truyền hình - nó đã sử dụng các cốt truyện và yếu tố từ các tập đầu.Ngay cả với các thiết kế mới hơn, họ đã kết hợp các khía cạnh cũ hơn - hành tinh này thực sự trông giống như một phiên bản tốt hơn của một trong những bộ cũ của họ. Ting họ sử dụng rất tốt - ngay cả khi sử dụng một số cụm từ đánh bắt cũ theo những cách khác nhau.Đó là niềm vui và một bộ phim trẻ em khá tốt. Điều duy nhất thực sự thiếu là Billy Mumy.",1 September 2007,Không xác định
5,"I think the major problem was the lack of closeness within the family unit. The writers choose that as the overall arc and that was a deadly mistake. We needed to see this family battle the unknown enties in space, rather than each other. I was not interested in seeing Dr. Robinson finally make amends with his son. By spending so much time on the 'family' problems, we negated any sense of adventure.The plot should have been about something space, a distant planet instead of this internal examination.  Lastly Dr. Smith was just awful. I love Gary Oldman but this role just wasn't one of his best. If nothing else Smith was a pain in the butt, the writers saw as evil and turning him into a spider and having the little spiders eat him was just plain stupid.Once again the fault lies in a poor ""Hollywood"" script.","Tôi nghĩ rằng vấn đề lớn là thiếu sự gần gũi trong đơn vị gia đình.Các nhà văn chọn điều đó là vòng cung tổng thể và đó là một sai lầm chết người.Chúng tôi cần phải thấy gia đình này chiến đấu với những người vô danh trong không gian, chứ không phải nhau.Tôi đã không quan tâm đến việc nhìn thấy Tiến sĩ Robinson cuối cùng đã sửa đổi với con trai mình.Bằng cách dành quá nhiều thời gian cho các vấn đề 'gia đình', chúng tôi đã phủ nhận mọi cảm giác phiêu lưu. Cốt truyện nên là về một không gian, một hành tinh xa xôi thay vì kiểm tra nội bộ này sự.Cuối cùng, Tiến sĩ Smith chỉ là khủng khiếp.Tôi yêu Gary Oldman nhưng vai trò này không phải là một trong những người giỏi nhất của anh ấy.Nếu không có gì khác Smith là một nỗi đau ở mông, các nhà văn đã thấy là xấu xa và biến anh ta thành một con nhện và việc những con nhện nhỏ ăn anh ta chỉ là ngu ngốc. Một lần nữa, lỗi này nằm trong kịch bản ""Hollywood"" tội nghiệp.",18 September 2003,Không xác định
6,"Although very fond of the original TV series from the 60s, especially the first season, it is by no means a perfect show and is pretty uneven. It was great and more when at its best (the whole of the first season) but it was near-embarrassing at its worst (the second half of Season 3).Still it had memorable characters (Dr Smith a genre landmark character), a good cast (Jonathan Harris is unforgettable), an endearing campy charm, a dark seriousness in the first season without forgetting to be fun and inventive stories and monsters that made the most of an at the time unique concept. There are worse TV-to-film translations around than 1998's 'Lost in Space', such as 'My Favourite Martian', 'Dragonball: Evolution', 'The Last Airbender', 'The Dukes of Hazzard' and 'The Avengers' (1998).'Lost in Space' however is still one of those films that has its moments and a few good qualities, but one where it has great talent on board yet manages to make one question its existence. Before those defending the film arrogantly accuse people of being too stuck in the past and refusing change, actually there is far more to the problem than it being a disappointing adaptation of the show, in fact that's the least of its problems and while not a terrible film on its own terms it's a long way from good (personal opinion of course).That it has a darker tone than the show, although some critics may disagree, is not the problem necessarily, and actually people would have appreciated the bigger, opened up approach (with technology having advanced a lot since the 60s it was necessary). The first season had a serious, dark tone too (even if fans remembered the campy charm of Season 2 and the over-the-top silliness of Season 3 a little more, judging by the word campy is often thrown around describing the show). The difference was that it didn't take itself too seriously and still managed to be entertaining and inventive. The film version, to me and fans/critics (this is what is meant by this criticism, so contrary to it being a seemingly misleading criticism it's a valid one to me), strips away the fun, loses the charm, takes itself too seriously mostly and has very little imaginative or original about it. It just felt charmless and dreary.Not without its bright spots. It is stylishly and atmospherically photographed and the Jupiter II setting is very cool and the most imaginative the film gets. Some of the special effects are good if never spectacular. The music score has creepiness and gives 'Lost in Space' some energy. 'Lost in Space' gets off to a promising start and gives one the impression ""hey this may not be so bad after all"", and there are a few nice adrenaline jolts in the action.Casting has its high spots. The best of the lot is Gary Oldman, who actually looks like he's having fun and gives a different, darker and more menacing Dr Smith and it actually works (even though wildly different). Matt Le Blanc may have moments where he's a little smug, which is due to him having some of the worst of the dialogue, but he does have a likable charm too and has a few amusing moments. Jack Johnson is neither too cloying or grating and the characterisation of the Robot is spot on.However, the rest of the cast don't work. William Hurt couldn't have been a blander choice for Professor Robinson, he sleepwalks through his role which cried out actually for the involvement of Bill Mumy. On the other side of the spectrum, Lacey Chabert irritates to a mind-numbing degree and, although the film does try to develop her with particularly those video diaries, she is little more than a stereotypical teen at the end of the day. Mimi Rogers has nothing to do and Heather Graham also grates and has non-existent chemistry with Le Blanc.While 'Lost in Space' is not a bad-looking film on the whole, there are a lot of cheap-looking costumes and some noticeably poor special effects. Particularly for that interminable Space Monkey (Blarp? who is actually for me far more annoying than Jar Jar Binks) and for Smith's spider form (some of the worst spider effects on any visual media, almost as bad as spiders from low-budget SyFy/Asylum films and the infamously terrible ones in the 'IT' mini-series). Really hated the end credits too, they go well overboard with the nausea-inducing surrealism and the overbearing music and as an epileptic it made me feel uncomfortable.Despite some intriguing moments and sporadic amusing moments early on, most of the script (especially for the characters played by Le Blanc and Graham and in the third act) is in 'Batman and Robin'-like cornball and cringe territory. Target audience is an issue, being too silly and trying too hard and failing to be cute for adults and with heavy-handed sermonising and family values to appeal properly to younger children, who will also find some of the ideas (like the time travel elements and most of the final third) going over their heads (and no this is coming from somebody who finds children's taste and intelligence for film under-estimated).The film is far too long and drags to dreary degrees in most of its later stages. Most of the time things are taken too seriously and fun and charm can barely be seen anywhere. Then there is the final act which undoes 'Lost in Space' significantly, where things just get weird, tonally muddled, nonsensical and borderline incoherent, far more so than the second half of Season 3 of the show.Overall, not THAT bad but very lacking in most departments. 4/10 Bethany Cox","Mặc dù rất thích phim truyền hình gốc từ thập niên 60, đặc biệt là mùa đầu tiên, nhưng nó không có nghĩa là một chương trình hoàn hảo và khá không đồng đều.Thật tuyệt vời và nhiều hơn khi ở mức tốt nhất (toàn bộ mùa đầu tiên) nhưng nó gần như là sự bối rối ở mức tồi tệ nhất của nó (nửa sau của phần 3).Dàn diễn viên tốt (Jonathan Harris không thể nào quên), một sự quyến rũ đáng yêu, một sự nghiêm túc đen tối trong mùa đầu tiên mà không quên vui vẻ và những câu chuyện và quái vật sáng tạo đã tận dụng tối đa một khái niệm độc đáo tại thời điểm.Có những bản dịch TV sang phim tồi tệ hơn xung quanh so với 'Lost in Space' năm 1998, chẳng hạn như 'Martian yêu thích của tôi', 'Dragonball: Evolution', 'The Last Airbender', 'The Dukes of Hazzard' và 'The Avengers' (1998). 'Lost in Space' tuy nhiên vẫn là một trong những bộ phim có những khoảnh khắc và một vài phẩm chất tốt, nhưng một trong đó nó có tài năng tuyệt vời trên tàu nhưng vẫn quản lý để đặt ra một câu hỏi về sự tồn tại của nó.Trước những thứ đó Nding bộ phim kiêu ngạo cáo buộc mọi người đã bị mắc kẹt trong quá khứ và từ chối thay đổi, thực sự có nhiều vấn đề hơn là một tác phẩm chuyển thể đáng thất vọng của chương trình, thực tế đó là vấn đề ít nhất của nó và trong khi không phải là một bộ phim khủng khiếp trênCác thuật ngữ riêng của nó, đó là một chặng đường dài từ tốt (tất nhiên là ý kiến cá nhân). Đó là một giai điệu tối hơn so với chương trình, mặc dù một số nhà phê bình có thể không đồng ý, không nhất thiết phải là vấn đề, và thực sự mọi người sẽ đánh giá cao Cách tiếp cận (với công nghệ đã nâng cao rất nhiều kể từ những năm 60 là cần thiết).Mùa đầu tiên cũng có một giai điệu đen tối nghiêm trọng (ngay cả khi người hâm mộ nhớ đến sự quyến rũ của mùa 2 và sự ngớ ngẩn quá đỉnh của phần 3 hơn một chút, đánh giá bằng từ Campy thường được đưa ra xung quanh việc mô tả chương trình).Sự khác biệt là nó không quá nghiêm trọng và vẫn có thể giải trí và sáng tạo.Phiên bản phim, với tôi và người hâm mộ/nhà phê bình (đây là ý nghĩa của CR này Chủ nghĩa, trái ngược với nó là một lời chỉ trích dường như gây hiểu lầm, đó là một điều hợp lệ đối với tôi), loại bỏ niềm vui, mất đi sự quyến rũ, quá nghiêm trọng và có rất ít trí tưởng tượng hoặc nguyên bản về nó.Nó chỉ cảm thấy không quyến rũ và thê lương. Không có những điểm sáng của nó.Nó được chụp ảnh một cách sành điệu và không khí và bối cảnh Sao Mộc II rất tuyệt và sự giàu có nhất mà bộ phim có được.Một số hiệu ứng đặc biệt là tốt nếu không bao giờ ngoạn mục.Điểm số âm nhạc có sự đáng sợ và cho 'mất trong không gian' một số năng lượng.'Lost in Space' đã có một khởi đầu đầy hứa hẹn và mang lại cho người ta ấn tượng ""Này, điều này có thể không quá tệ"", và có một vài jolts adrenaline tốt đẹp trong hành động.casting có những điểm cao.Điều tốt nhất trong số rất nhiều là Gary Oldman, người thực sự trông giống như anh ấy đang vui vẻ và mang đến một Tiến sĩ Smith khác, đen tối hơn và nó thực sự hoạt động (mặc dù rất khác biệt).Matt le Blanc có thể có những khoảnh khắc anh ấy tự mãn, đó là do Hi m có một số điều tồi tệ nhất của cuộc đối thoại, nhưng anh ta cũng có một sự quyến rũ đáng yêu và có một vài khoảnh khắc thú vị.Jack Johnson không quá gặm nhấm hay grating và đặc tính của robot là tại chỗ. Tuy nhiên, phần còn lại của các diễn viên không hoạt động.William Hurt không thể là một lựa chọn nhạt nhẽo cho giáo sư Robinson, anh ta mộng du qua vai trò của mình, điều đó đã kêu lên thực sự vì sự tham gia của Bill Mumy.Ở phía bên kia của quang phổ, Lacey Chabert kích thích một mức độ đau đớn và , mặc dù bộ phim cố gắng phát triển cô với những cuốn nhật ký đặc biệt là những cuốn nhật ký, cô không chỉ là một thiếu niên rập khuôn vào cuối ngày.Mimi Rogers không có gì để làm và Heather Graham cũng được tổ chức và có hóa học không tồn tại với Le Blanc. Trong khi 'Lost in Space' không phải là một bộ phim có vẻ xấu, có rất nhiều trang phục trông có vẻ rẻ và một số đáng chú ýHiệu ứng đặc biệt kém.Đặc biệt đối với con khỉ không gian có thể thay đổi (Blarp? Ai thực sự là cho tôi khó chịu hơn nhiều hơn Jar Jar Binks) và cho dạng nhện của Smith (một số hiệu ứng nhện tồi tệ nhất trên bất kỳ phương tiện thị giác nào, gần như xấu như nhện từ các bộ phim Syfy/Asylum ngân sách thấp và những bộ phim kinh khủng trong loạt phim 'IT').Thực sự ghét các khoản tín dụng cuối cùng, họ quá nhiệt tình với chủ nghĩa siêu thực gây buồn nôn và âm nhạc hống hách và như một chứng động kinh, nó khiến tôi cảm thấy không thoải mái. Các nhân vật do Le Blanc và Graham thủ vai và trong hành động thứ ba) là trong 'Batman và Robin' giống như lãnh thổ Corn và Cringe.Đối tượng mục tiêu là một vấn đề, quá ngớ ngẩn và cố gắng quá nhiều và không dễ thương cho người lớn và với các giá trị thuyết pháp và gia đình nặng nề để thu hút đúng trẻ em, những người cũng sẽ tìm thấy một số ý tưởng (như các yếu tố du hành thời gianvà hầu hết những người thứ ba cuối cùng) đi qua đầu của họ (và không có điều này đến từ ai đó tìm thấy hương vị của trẻ em Trí thông minh thứ hai cho bộ phim kém hơn). Bộ phim quá dài và kéo theo mức độ thê lương trong hầu hết các giai đoạn sau của nó.Hầu hết thời gian mọi thứ được thực hiện quá nghiêm túc và vui vẻ và quyến rũ hầu như không thể được nhìn thấy ở bất cứ đâu.Sau đó, có một hành động cuối cùng đáng kể 'bị mất trong không gian' đáng kể, trong đó mọi thứ trở nên kỳ lạ, lầy lội, vô nghĩa và biên giới không mạch lạc, nhiều hơn so với nửa sau của phần 3 của chương trình.Thiếu ở hầu hết các bộ phận.4/10 BE Thany Cox",26 September 2017,Không xác định
7,"This remake of the successful '60's television show really is a waste of some good potential. It by no means is an horrible movie but the script isn't really interesting or spectacular and the character treatment is quite poor.In a way this movie is a mixed bag. On the one hand it has some good actors in it and some of the special effects are really good but than again on the other hand the story is pretty shallow, the costumes are embarrassingly dreadful and some of the special effects are below average at best. Sounds weird, a movie that has both good and bad special effects in it. It's a bit weird, it's like they spend most of the time on the big special effects shots and after that they raffled the rest of the special effects. At times the movie is impressive to watch and at other moments it's just laughable bad to look at. Such as the CG character Blarp. He (or she?) looked absolutely dreadful and it made the movie even more ridiculous and bad to watch. But perhaps worst thing about the entire character is that it's a totally, completely unnecessary one that doesn't add anything to the story at all.The movie has a solid cast. John Hurt certainly adds some believability to the silly moments in the movie and he deliverers some of the bad dialog good and even credible. Gary Oldman is of course also a great actor but he plays a bit of an uninteresting villain in this movie that doesn't get enough opportunity to shine. Matt LeBlanc is most of the time convincing in his role but he at times deliver some cheesy dialog which doesn't always make him believable as a tough space pilot. Mimi Rogers and Heather Graham also walk around in the movie but they get very little interesting to do. Good in her role was also Lacey Chabert. She's a good young actress, never really understood why she didn't appeared in more mainstream big Hollywood productions. She's an actress with great potential but somehow Hollywood never really picked this up. Maybe it has something to do with the failure of this movie?Because yes, this movie is a bit of a failure. Not only in terms of how well it did at the box office and how well it was received by the crowd and critics but also certainly in terms of how the movie is constructed. The script is just disappointingly shallow and has some totally unlikely and unbelievable events in it, that at times don't even make sense. The story also uses too many elements from the first Star Wars trilogy and even a little bit from ""2001: A Space Odyssey"". It doesn't only uses story elements from that movies, it also rips off the looks of some of the spaceships, planets and city skylights. No, ""Lost in Space"" certainly isn't the most original science-fiction movie ever made.The movie also lacks some good tension and action sequences. There are too many slow moments in the movie in which totally nothing happens. It's OK to have some slower moments in a movie but only when the script and characters are good and interesting enough to carry those slower moments. In this movie that really isn't the case.This movie is not a complete disaster and the 4.6 rating here at the moment might be a bit too harsh. The movie does provide some good and entertaining moments. But if only the movie had a better and more original script, than this movie perhaps would had been a bigger success and certainly a better one to watch.5/10http://bobafett1138.blogspot.com/","Bản làm lại này của chương trình truyền hình thành công của thập niên 60 thực sự là một sự lãng phí một số tiềm năng tốt.Nó không có nghĩa là một bộ phim khủng khiếp nhưng kịch bản không thực sự thú vị hay ngoạn mục và việc đối xử nhân vật khá kém. Theo cách mà bộ phim này là một túi hỗn hợp.Một mặt nó có một số diễn viên giỏi trong đó và một số hiệu ứng đặc biệt thực sự tốt nhưng mặt khác, câu chuyện rất nông cạn, trang phục rất đáng sợ và một số hiệu ứng đặc biệt là Belo W trung bình tốt nhất.Nghe có vẻ kỳ lạ, một bộ phim có hiệu ứng đặc biệt tốt và xấu trong đó.Điều đó hơi kỳ lạ, giống như họ dành phần lớn thời gian cho các bức ảnh hiệu ứng đặc biệt lớn và sau đó họ đã đánh bại phần còn lại của các hiệu ứng đặc biệt.Đôi khi bộ phim rất ấn tượng khi xem và tại những thời điểm khác, thật là tồi tệ khi nhìn vào.Chẳng hạn như nhân vật CG Blarp.Anh ta (hay cô ấy?) Trông hoàn toàn khủng khiếp và nó khiến bộ phim trở nên lố bịch và xấu hơn khi xem.Nhưng có lẽ điều tồi tệ nhất abo UT toàn bộ nhân vật là nó hoàn toàn, hoàn toàn không cần thiết mà không thêm bất cứ điều gì vào câu chuyện. Bộ phim có một dàn diễn viên vững chắc.John Hurt chắc chắn thêm một số đáng tin cậy vào những khoảnh khắc ngớ ngẩn trong phim và anh ấy đưa ra một số hộp thoại xấu tốt và thậm chí đáng tin cậy.Gary Oldman tất nhiên cũng là một diễn viên tuyệt vời nhưng anh ấy đóng vai một nhân vật phản diện không thú vị trong bộ phim này không có đủ cơ hội để tỏa sáng.Matt LeBlanc hầu hết thời gian thuyết phục trong vai trò B Đôi khi anh ta thực hiện một số hộp thoại nhảm nhí mà không phải lúc nào cũng khiến anh ta đáng tin như một phi công không gian khó khăn.Mimi Rogers và Heather Graham cũng đi bộ trong phim nhưng họ rất ít thú vị để làm.Tốt trong vai trò của cô ấy cũng là Lacey Chabert.Cô ấy là một nữ diễn viên trẻ giỏi, chưa bao giờ thực sự hiểu tại sao cô ấy không xuất hiện trong các sản phẩm lớn hơn của Hollywood.Cô ấy là một nữ diễn viên có tiềm năng lớn nhưng bằng cách nào đó Hollywood không bao giờ thực sự tiếp tục điều này.Có lẽ nó có liên quan đến th E thất bại của bộ phim này? Bởi vì có, bộ phim này là một chút thất bại.Không chỉ về cách thức nó đã làm tốt như thế nào tại phòng vé và nó được đám đông và các nhà phê bình đón nhận tốt như thế nào mà còn chắc chắn về cách bộ phim được xây dựng.Kịch bản chỉ là nông cạn đáng thất vọng và có một số sự kiện hoàn toàn không thể và không thể tin được trong đó, rằng đôi khi thậm chí không có ý nghĩa gì.Câu chuyện cũng sử dụng quá nhiều yếu tố từ bộ ba Star Wars đầu tiên và thậm chí một chút từ ""2001: A Space Odyss Ey "". Nó không chỉ sử dụng các yếu tố câu chuyện từ những bộ phim đó, nó còn xé toạc vẻ ngoài của một số tàu vũ trụ, hành tinh và giếng trời thành phố. Không,"" Lost in Space ""chắc chắn không phải là bộ phim khoa học viễn tưởng nguyên bản nhấtđã từng được thực hiện. Bộ phim cũng thiếu một số chuỗi căng thẳng và hành động tốt. Có quá nhiều khoảnh khắc chậm trong phim mà hoàn toàn không có gì xảy ra. Bạn có thể có một số khoảnh khắc chậm hơn trong một bộ phim nhưng chỉ khi kịch bản và nhân vật tốt và thú vịđủ để mang những những khoảnh khắc chậm hơn.Trong bộ phim này thực sự không phải là trường hợp. Bộ phim này không phải là một thảm họa hoàn toàn và xếp hạng 4.6 ở đây vào lúc này có thể hơi quá khắc nghiệt.Bộ phim cung cấp một số khoảnh khắc tốt và giải trí.Nhưng nếu chỉ có bộ phim có kịch bản hay hơn, thì bộ phim này có lẽ sẽ thành công lớn hơn và chắc chắn là một bộ phim hay hơn để xem.5/10HTTP: //bobafett1138.blogspot.com/",15 April 2006,Không xác định
8,"I can't believe it, I for someone who has only seen the review of this movie on Nostalgia critic, and 4 episodes of the amazing Netflix show that just came out. I never saw the show form the 60's but I heard the show was just very weird. But going into this movie I just thought I was going to hate this movie throwout most of it, and yeah the first 10 to 15 minutes were pretty bad. There is a over long action scene, with so ok effects for the time, put then theres some dumb scenes with Will and his teacher. And Penny's annoying voice that sound like Peridot from Steven Universe, that made me want to rip my ears out. Gary Oldman playing the villain and being other hammy. But after that things actually get better. The acting for the most part though is not that terrible, and isn't actually cringe after they get into space. But then there is the CGI. I know for a long time that this movie has some really bad special effects, I know for the time they looked ok but on elf them is this monkey named Blarp, and he too me still looks really bad and is considered one of the worst special effect ever made. The last 30 minuets is a bit different. In my opinion I would just say it would be a better movie. Also the fight between spider smith and the dad character could've been better. Honestly I wish this movie got a sequel but I think it was good on its own.I can't wait to finish the first season of the netflix show and I give this movie a 8 out of 10.","Tôi không thể tin được, tôi cho một người chỉ xem bài đánh giá về bộ phim này về nhà phê bình hoài cổ, và 4 tập của chương trình Netflix tuyệt vời vừa ra mắt.Tôi chưa bao giờ xem chương trình hình thành những năm 60 nhưng tôi nghe chương trình rất kỳ lạ.Nhưng đi vào bộ phim này, tôi chỉ nghĩ rằng tôi sẽ ghét bộ phim này, và vâng, 10 đến 15 phút đầu tiên là khá tệ.Có một cảnh hành động dài quá là giáo viên.Và giọng nói khó chịu của Penny nghe giống như Peridot từ Steven Universe, điều đó khiến tôi muốn xé tai ra.Gary Oldman đóng vai nhân vật phản diện và là người khác.Nhưng sau đó mọi thứ thực sự trở nên tốt hơn.Diễn xuất cho hầu hết các phần không phải là khủng khiếp, và không thực sự co rúm lại sau khi họ lên vũ trụ.Nhưng sau đó là CGI.Tôi biết trong một thời gian dài rằng bộ phim này có một số hiệu ứng đặc biệt thực sự xấu, tôi biết trong thời gian chúng trông ổn nhưng trên Elf chúng là con khỉ này Có tên Blarp, và anh ấy cũng trông tôi vẫn rất tệ và được coi là một trong những hiệu ứng đặc biệt tồi tệ nhất từng được tạo ra.30 minuets cuối cùng là một chút khác nhau.Theo tôi, tôi sẽ chỉ nói nó sẽ là một bộ phim hay hơn.Ngoài ra, cuộc chiến giữa Spider Smith và nhân vật người cha có thể tốt hơn.Thành thật mà nói, tôi ước bộ phim này có phần tiếp theo nhưng tôi nghĩ nó tốt. Tôi không thể chờ đợi để hoàn thành phần đầu tiên của chương trình Netflix và tôi cho bộ phim này 8 trên 10.",18 May 2018,Không xác định
9,"Now, I don't think it was IMDb Top 250 material, not by far but it still should have been up in the ""6""s. First let's look at the basic for the movie. Lost in Space was a television show from 1965 that was very low budget. I. Allen had to work from a shoestring and it showed. The show was a ""kiddies"" show, something that the kids enjoyed while Mom and Dad was able to snicker at the goofiness of it, (but not too loudly or the kids might get mad). Then the show progress into one that centered around three characters, that of Will Robinson, Dr. Smith, and the Robot. Mr. And Mrs. Robinson, Major West, and the girls were just so much window dressing and fodder. This is what the director of the movie, Lost In Space, had to work with. Either he kept as close to the original show as he could or he struck out in a totally different direction, such as what happen when they made Wanted Dead Or Alive for the big screen. It's not high drama, but then neither was the original show. Comparing it to the TV show, I believe that the director keep to the same spirit and I say it's not a bad rendering.","Bây giờ, tôi không nghĩ rằng đó là tài liệu Top 250 IMDB, không phải cho đến nay nhưng nó vẫn nên ở trong ""6"" s.Trước tiên, chúng ta hãy nhìn vào cơ bản cho bộ phim.Lost in Space là một chương trình truyền hình từ năm 1965 có ngân sách rất thấp.I. Allen đã phải làm việc từ một cuộc tấn công và nó cho thấy.Chương trình là một chương trình ""Kiddies"", một điều mà bọn trẻ rất thích trong khi mẹ và bố có thể cười khúc khích trước sự ngốc nghếch của nó, (nhưng không quá ồn ào hoặc những đứa trẻ có thể nổi điên).Sau đó, chương trình tiến bộ thành một trung tâm trung tâm ND ba nhân vật, của Will Robinson, Tiến sĩ Smith và Robot.Ông bà Robinson, Thiếu tá Tây, và các cô gái chỉ là quá nhiều cửa sổ và thức ăn gia súc.Đây là những gì đạo diễn của bộ phim, bị mất trong không gian, đã phải làm việc cùng.Hoặc là anh ấy giữ gần với chương trình ban đầu nhất có thể hoặc anh ấy đã tấn công theo một hướng hoàn toàn khác, chẳng hạn như những gì xảy ra khi họ làm muốn chết hoặc sống cho màn ảnh rộng.Đó không phải là bộ phim truyền hình cao, nhưng sau đó cũng không phải là chương trình gốc.So sánh nó với T Anh ấy là chương trình truyền hình, tôi tin rằng đạo diễn giữ cho cùng một tinh thần và tôi nói đó không phải là một kết xuất tồi.",5 April 2008,Không xác định
10,"Friends star Matt LeBlanc started and ended his career as a leading man in big budget summer blockbusters with this overblown family-oriented sci-fi from director Stephen Hopkins, whose 'almost Hollywood major-league' status also took a severe battering. Working from a charmless script, Hopkins delivers a loud, chaotic mess of a movie that no amount of expensive special effects can hope to save.LeBlanc plays war hero Major Don West, who is given the job of setting the Jupiter 2 spacecraft on its course to Alpha Prime, where the other crew members, the Robinson family, are to prepare the planet for colonisation. Having successfully piloted the craft into space, West joins the Robinsons in cryogenic sleep, unaware that terrorist and unwilling stowaway Dr. Zachary Smith (Gary Oldman) has programmed the ship's robot to sabotage the mission.As well as LeBlanc's less than stellar performance, and a horribly hammy turn from Oldman, we get a pre-sexy Lacy Chabert as shrill teenager Penny Robinson, a post-sexy Mimi Rogers as the mother, mid-sexy Heather Graham as older daughter Judy, Jack Johnson as irritating child genius Will Robinson, and a miscast William Hurt as leader of the family, Professor John Robinson. Even with two future Oscar winners on board (Hurt and Oldman) this adventure for the passengers of the Jupiter 2 is destined to crash and burn, the muddled script resorting to hackneyed sci-fi claptrap such as time travel to try and dig itself out of a (black) hole.Perhaps the worst thing about the whole sorry affair are the lame CGI creatures: cute alien Blawp, blatantly designed to sell Lost In Space merchandising to the kids; crappy, supposedly scary space spiders that attack our heroes; and a mutant arachnoid Gary Oldman that looked really bad even when the film was first released, and which looks positively awful by today's standards.The best thing about the film is its theme music by Apollo 440: not only is it a great track, but it heralds the closing credits and an end to this farrago.3/10.","Ngôi sao của Friends Matt LeBlanc bắt đầu và kết thúc sự nghiệp của mình với tư cách là một người đàn ông hàng đầu trong các bộ phim bom tấn mùa hè ngân sách lớn với khoa học viễn tưởng theo định hướng gia đình quá mức này từ đạo diễn Stephen Hopkins, người có tình trạng 'gần như giải đấu lớn của Hollywood cũng bị đánh đập nghiêm trọng.Làm việc từ một kịch bản không quyến rũ, Hopkins mang đến một mớ hỗn độn, hỗn loạn của một bộ phim mà không có hiệu ứng đặc biệt đắt tiền nào có thể hy vọng sẽ cứu được. Tất nhiên đến Alpha Prime, nơi các thành viên phi hành đoàn khác, gia đình Robinson, sẽ chuẩn bị hành tinh để thực dân hóa.Sau khi lái thành công nghề thủ công vào không gian, West gia nhập Robinsons trong giấc ngủ đông lạnh, không biết rằng khủng bố và không muốn Stowaway Tiến sĩ Zachary Smith (Gary Oldman) đã lập trình robot của con tàu để phá hoại nhiệm vụ.Một sự thay đổi khủng khiếp từ Oldman, chúng ta nhận được một Chabert trước khi giới tính khi là thiếu niên chói tai Penny Robin Con trai, một Mimi Rogers hậu giới sau vai người mẹ, Mid-Sexy Heather Graham trong vai con gái lớn Judy, Jack Johnson trong vai thiên tài trẻ em khó chịu sẽ Robinson, và một William Hurccast làm thủ lĩnh của gia đình, Giáo sư John Robinson.Ngay cả với hai người chiến thắng Oscar trong tương lai trên tàu (Hurt và Oldman), cuộc phiêu lưu này dành cho hành khách của Sao Mộc 2 được định sẵn sẽ bị sụp đổ và đốt cháy, kịch bản lộn xộn dùng đến việc hack fi-fi claptrap như du hành thời gian để thử và tự đào thoát ra khỏi thời gianA (đen) lỗ. E Điều tồi tệ nhất về toàn bộ chuyện xin lỗi là các sinh vật CGI khập khiễng: BLAWP ngoài hành tinh dễ thương, được thiết kế trắng trợn để bán bị mất trong không gian bán hàng cho trẻ em;nhảm nhí, được cho là những con nhện không gian đáng sợ tấn công các anh hùng của chúng ta;Và một arachnoid gary oldman đột biến trông rất tệ ngay cả khi bộ phim được phát hành lần đầu tiên, và trông rất tích cực theo tiêu chuẩn ngày nay.nó báo trước các khoản tín dụng đóng cửa và kết thúc cho farrago.3/10 này.",24 January 2019,Không xác định
11,"It's the year 2058. The United Global Space Force is building a Hypergate to travel to another planet. Wars have left the Earth almost uninhabitable. Major Don West (Matt LeBlanc) is a fighter pilot protecting the Hypergate from a terrorist group called the Global Sedition. The Robinson family (William Hurt, Mimi Rogers, Heather Graham, Lacey Chabert, Jack Johnson) are traveling to Alpha Prime to build a Hypergate on the other side. Major West is brought in to fly the spaceship. Dr. Zachary Smith (Gary Oldman) is paid by the Sedition to sabotage the spaceship but is doublecross and left stunned on board the ship.There are many things that don't make sense. Why send a family? The spaceship is horribly unaerodynamic which makes launching it like that really stupid. It's trying to adapt a campy 60s sci-fi TV show to be a gritty futuristic space action thriller. It loses everything from the original without gaining much in return. Matt LeBlanc to trying to do Joey by hitting on Heather Graham while her father is right next to them. LeBlanc's character insists on making jokes. Then the movie keeps taking dark turns. Just when things seem to settle down to a good thriller, they throw in a CG space monkey. Jar Jar Binks anyone? If Earth sent another ship, why not go to Alpha Prime themselves? In fact, why would the Robinsons run into that ship in all of space? So many questions, so few answers.","Đó là năm 2058. Lực lượng Vũ trụ Toàn cầu United đang xây dựng một hypergate để đi đến một hành tinh khác.Các cuộc chiến đã khiến trái đất gần như không thể ở được.Thiếu tá Don West (Matt LeBlanc) là một phi công chiến đấu bảo vệ hypergate khỏi một nhóm khủng bố có tên là The Global Sedition.Gia đình Robinson (William Hurt, Mimi Rogers, Heather Graham, Lacey Chabert, Jack Johnson) đang đi đến Alpha Prime để xây dựng một hypergate ở phía bên kia.Thiếu tá Tây được đưa vào để bay tàu vũ trụ.Tiến sĩ Zachary Smit H (Gary Oldman) được trả tiền bằng sự quyến rũ để phá hoại tàu vũ trụ nhưng bị nhân đôi và choáng váng trên tàu. Có nhiều điều không có ý nghĩa.Tại sao lại gửi một gia đình?Tàu vũ trụ là một cách phi động lực khủng khiếp làm cho việc phóng nó như thế thực sự ngu ngốc.Nó đang cố gắng điều chỉnh một chương trình truyền hình khoa học viễn tưởng của thập niên 60 để trở thành một phim kinh dị hành động không gian tương lai nghiệt ngã.Nó mất tất cả mọi thứ từ bản gốc mà không đạt được nhiều.Matt LeBlanc cố gắng làm Joey bằng cách đánh vào Heather Gra Ham trong khi cha cô ở ngay bên cạnh họ.Nhân vật của LeBlanc khăng khăng muốn nói đùa.Sau đó, bộ phim tiếp tục rẽ đen.Ngay khi mọi thứ dường như ổn định với một phim kinh dị giỏi, họ ném vào một con khỉ không gian CG.Jar jar binks ai?Nếu Trái đất gửi một con tàu khác, tại sao không đến Alpha Prime?Trên thực tế, tại sao Robinsons sẽ chạy vào con tàu đó trong tất cả không gian?Rất nhiều câu hỏi, rất ít câu trả lời.",15 December 2014,Không xác định
12,"When Hollywood turns to the TV Mine to see what it can dig up, the general rule is to try to do something which recaptures the essence of the TV original, albeit tweaked in some sort of fashion so as to bring it up to date. But sometimes there is an attempt to give a twist to the original - to dress it in clothes which are not so much new as entirely different. And so we have Starsky and Hutch as a comedy, Bewitched actually featuring a TV remake of the original but with a real witch, and so on.Lost In Space has, thankfully, forgone the overriding two-set (one interior, one exterior) studio-bound obviousness of its TV progenitor. It has also lost Robbie the Robot (his update is a lot less sympathetic than the original), and weaselly serial complainer Dr Zachary Smith. Much as I enjoyed Jonathan Harris' portrayal, it was essentially a comedy role, albeit with the capacity for introducing the element of dramatic tension in a serial drama which was so resolutely formulaic.Gary Oldman's Dr Smith is an entirely different animal. The TV Smith was irksome, a nuisance, and could cause some damage. The movie Smith is dark, dangerous, and potentially fatal.There are plot elements introduced which are fun and, in some respects, original. Most of the visuals are excellent (although I found the cute but hugely unconvincing CGI critter irritating). Most of the cast are good (with some interesting dynamics between the characters), although I found Lacey Chabert's squeaky pre-teen even more irritating than the CGI thingie.On the whole, there is quite a lot here for science fiction space opera fans to like.","Khi Hollywood chuyển sang mỏ TV để xem những gì nó có thể đào lên, quy tắc chung là cố gắng làm một cái gì đó lấy lại bản chất của bản gốc TV, mặc dù được điều chỉnh theo thời trang nào đó để đưa nó cập nhật.Nhưng đôi khi có một nỗ lực để tạo ra một sự thay đổi cho bản gốc - để mặc nó trong quần áo không quá khác nhau như hoàn toàn khác nhau.Và vì vậy, chúng tôi có Starsky và Hutch là một bộ phim hài, thực sự bị mê hoặc với bản làm lại TV của bản gốc nhưng với một phù thủy thực sự, v.v. Mất trong không gian, may mắn thay, đã tha thứ cho sự rõ ràng hai tập hợp (một bên trong, một bên ngoài) của tổ tiên truyền hình của nó.Nó cũng đã mất Robbie the Robot (bản cập nhật của anh ta ít thông cảm hơn rất nhiều so với bản gốc), và người khiếu nại nối tiếp Weaselly, Tiến sĩ Zachary Smith.Nhiều như tôi rất thích chân dung của Jonathan Harris, về cơ bản đó là một vai diễn hài kịch, mặc dù có khả năng giới thiệu yếu tố căng thẳng kịch tính trong một bộ phim truyền hình nối tiếp rất kiên quyết. Smith là một con vật hoàn toàn khác.TV Smith rất khó chịu, một mối phiền toái và có thể gây ra một số thiệt hại.Bộ phim Smith tối, nguy hiểm và có khả năng gây tử vong. Có những yếu tố cốt truyện được giới thiệu rất thú vị và, trong một số khía cạnh, nguyên bản.Hầu hết các hình ảnh là tuyệt vời (mặc dù tôi đã tìm thấy sự khó chịu của CGI dễ thương nhưng cực kỳ không thuyết phục).Hầu hết các diễn viên đều tốt (với một số động lực thú vị giữa các nhân vật), mặc dù tôi đã tìm thấy Lacey Chabert's Squeaky Pre-Teen hơn nữa Kích thích hơn so với CGI Thingie.On Toàn bộ, có khá nhiều điều ở đây để những người hâm mộ Opera không gian khoa học viễn tưởng thích.",15 March 2011,Không xác định
13,"The Robinson family goes deeper in space and have to fight for their survival in order to advance and preserve mankind.  Special effects were pretty good, but soon go stale. The script seems to be phoned in by an elementary school class. William Hurt plays a bland Prof. John Robinson. Mrs. Robinson is played by Mimi Rogers and is good in the role. Lacey Chabert, who plays Penny, seems on the verge of better material. Matt LeBlanc, is the wise cracking hero. This would make a good comic book instead of an average rental. Gary Oldman fans will be pleased with his version of Dr. Smith.","Gia đình Robinson đi sâu hơn trong không gian và phải đấu tranh cho sự sống còn của họ để tiến lên và bảo tồn nhân loại.Hiệu ứng đặc biệt là khá tốt, nhưng sớm đi cũ.Kịch bản dường như được gọi điện bởi một lớp học tiểu học.William Hurt đóng vai một Giáo sư John Robinson nhạt nhẽo.Bà Robinson được Mimi Rogers thủ vai và rất tốt trong vai trò này.Lacey Chabert, người đóng vai Penny, dường như trên bờ vực của vật liệu tốt hơn.Matt LeBlanc, là anh hùng cracking khôn ngoan.Điều này sẽ tạo nên một truyện tranh hay EAD của một cho thuê trung bình.Người hâm mộ Gary Oldman sẽ hài lòng với phiên bản Tiến sĩ Smith.",25 December 1999,Không xác định
14,"In the year 2058 Earth is suffering of pollution and will soon be uninhabitable after the irreversible effects of global warming. Space colony family struggles to survive when a spy/accidental stowaway throws their ship hopelessly off course. Professor John Robinson (William Hurt), his wife Maureen (Mimi Rogers) , their children Judy (Heather Graham) , Penny (Lacey Chabert) and Will (Jack Johnson) and Major Don West (Matt LeBlanc , Sean Patrick Flanery was originally cast and was also previously offered to Matthew Perry) are selected to go to the third planet in the Alpha Centauri star system to establish a colony so that other Earth people can settle there. They are to go there on a ship christened the Jupiter 2. However, Doctor Zachary Smith (Gary Oldman) , an agent for an enemy (Edward Fox) , is sent to sabotage the mission. He is successful in reprogramming the ship's robot, but in the process becomes trapped on the ship , the ship and all on board become hopelessly lost and it now becomes a fight for survival as the crew tries to find their way back home . Now they are fighting to live long enough to find a way home .Familiar Sci-Fi dealing with Robinson family was going into space to fight for a chance for humanity , it is plenty of special effects , thrills , action though regularly developed . The picture has some good moments here and there , but is also full of flaws and gaps . Screenplay by Akiva Goldsman who wrote a script with absurd situations and embarrassing scenes. Silly and ridiculous images , especially starred by the computer monkey made by means of botching effects and the giant spider-Doctor Smith too . Mediocre performances and all principals actors were contracted to a three picture option, but as the film failed to recoup its budget in North America, plans for a new franchise were scrapped . Good photography by cinematographer Peter Levy who frequently works with the filmmaker . Thrilling and atmospheric musical score by Bruce Broughton . The motion picture was middling directed by Stephen Hopkins who has realized some acceptable Sci-Fi and Terror films as ¨Nightmare in ElmStreet 5 ¨ , ¨Predator 2¨, ¨The reaping ¨ , though his better films were ¨The ghost and the darkness¨ and ¨The life and death of Peter Sellers¨. ¨Lost in space¨ turns out to be his worst movie . Rating : Below average .The classic and best version results to be 84 episodes for television produced by Irwin Allen , starred by Guy Williams (John Robinson) , June Lockhart ( Maureen Robinson) , Mark Goddard (Maj. Don West), Marta Kristen (Judy Robinson) , Bill Mumy ( Will Robinson) and Angela Cartwright . (Penny Robinson).Originally, all surviving cast members of the TV show were meant to have cameo appearances. Mark Goddard, the original Major Don West, plays the General. June Lockhart,plays Will Robinson's principal , Marta Kristen and Angela Cartwright play reporters and Dick Tufeld reprises his role from Lost in Space as the voice of the Robot. Ironically, Bill Mumy and Jonathan Harris, the two actors most supportive of the idea of a new movie , did not appear in it.","Vào năm 2058, Trái đất đang bị ô nhiễm và sẽ sớm không thể ở được sau những tác động không thể đảo ngược của sự nóng lên toàn cầu.Gia đình Space Colony đấu tranh để tồn tại khi một Stowaway gián điệp/tình cờ ném con tàu của họ vô vọng.Giáo sư John Robinson (William Hurt), vợ ông Maureen (Mimi Rogers), con của họ Judy (Heather Graham), Penny (Lacey Chabert) và Will (Jack Johnson) và Thiếu tá Don West (Matt LeBlanc, Sean Patrick Flanery ban đầu được chọn vàcũng là trước đây Được cung cấp cho Matthew Perry) được chọn đến hành tinh thứ ba trong hệ thống ngôi sao Alpha Centauri để thiết lập một thuộc địa để những người khác có thể định cư ở đó.Họ phải đến đó trên một con tàu đã đặt tên cho Sao Mộc 2. Tuy nhiên, Bác sĩ Zachary Smith (Gary Oldman), một đặc vụ cho kẻ thù (Edward Fox), được gửi đến phá hoại nhiệm vụ.Anh ta thành công trong việc lập trình lại robot của con tàu, nhưng trong quá trình đó trở nên bị mắc kẹt trên tàu, con tàu và tất cả trên tàu trở nên vô vọng và bây giờ nó Trở thành một cuộc chiến để sinh tồn khi phi hành đoàn cố gắng tìm đường trở về nhà.Bây giờ họ đang chiến đấu để sống đủ lâu để tìm đường về nhà. Khoa học viễn tưởng liên quan đến gia đình Robinson đã đi vào vũ trụ để đấu tranh cho cơ hội cho nhân loại, đó là rất nhiều hiệu ứng đặc biệt, hồi hộp, hành động mặc dù thường xuyên được phát triển.Bức tranh có một số khoảnh khắc tốt ở đây và đó, nhưng cũng có đầy đủ các lỗ hổng và khoảng trống.Kịch bản của Akiva Goldsman, người đã viết một kịch bản với những tình huống vô lý và đáng xấu hổ Cenes.Những hình ảnh ngớ ngẩn và lố bịch, đặc biệt được đóng vai chính bởi con khỉ máy tính được tạo ra bằng các hiệu ứng gây xôn xao và thợ nhện khổng lồ Smith cũng vậy.Các buổi biểu diễn tầm thường và tất cả các diễn viên hiệu trưởng đã được ký hợp đồng với một tùy chọn hình ảnh ba, nhưng khi bộ phim không thể thu lại được ngân sách của mình ở Bắc Mỹ, kế hoạch cho một nhượng quyền thương mại mới đã bị loại bỏ.Nhiếp ảnh tốt của nhà quay phim Peter Levy, người thường xuyên làm việc với nhà làm phim.Điểm ly kỳ và âm nhạc trong khí quyển của Bruce Broughton.Quần què E Motion Picture được đặt ra bởi Stephen Hopkins, người đã nhận ra một số bộ phim khoa học viễn tưởng và khủng bố có thể chấp nhận được là ¨nightmare trong Elmstreet 5 ¨, ¨predator 2¨, ¨ gặt, mặc dù những bộ phim hay hơn của anh ấy là ¨và cuộc sống và cái chết của Peter Sellers¨.Trong Space¨ hóa ra là bộ phim tồi tệ nhất của anh ấy.Đánh giá: dưới mức trung bình. Kết quả phiên bản cổ điển và tốt nhất là 84 tập cho truyền hình do Irwin Allen sản xuất Khart (Maureen Robinson), Mark Goddard (Thiếu tá Don West), Marta Kristen (Judy Robinson), Bill Mumy (Will Robinson) và Angela Cartwright..Mark Goddard, Thiếu tá Don West, chơi tướng.Tháng 6 Lockhart, các vở kịch sẽ là hiệu trưởng của Robinson, Marta Kristen và Angela Cartwright chơi các phóng viên và Dick Tufeld chiếm lại vai trò của mình từ Lost in Space như giọng nói của robot.Mỉa mai Y, Bill Mumy và Jonathan Harris, hai diễn viên ủng hộ nhất ý tưởng về một bộ phim mới, đã không xuất hiện trong đó.",11 July 2012,Không xác định
15,"Rating: * out of ****Based off the old 60's television series, Lost in Space certainly had the opportunity to be a suspenseful and imaginative sci-fi adventure, but it ends up feeling like little more than an overlong pilot episode for a failed television series. What the movie does have going for it are some occasionally nifty special effects and a fairly tense scene set on board an abandoned spacecraft packed full of hungry giant spiders. What the movie has going against it is generally everything else. The cast is thoroughly unconvincing (even William Hurt and Gary Oldman), a good portion of the special effects are second-rate, and the subplot involving time rips and time ""bubbles"" feels tacked-on and pointless. This is a silly adventure film that lacks tension and fun, or even competent film-making and writing. I'm certain kids will probably enjoy the movie, but most everyone else will probably feel mentally adrift by the time the end credits roll.","Đánh giá:*Ra khỏi **** dựa trên loạt phim truyền hình cũ của 60, Lost in Space chắc chắn có cơ hội trở thành một cuộc phiêu lưu khoa học viễn tưởng và giàu trí tưởng tượng, nhưng cuối cùng nó lại cảm thấy như một tập phim phi công nhỏ hơn cho một tậploạt truyền hình thất bại.Những gì bộ phim dành cho nó là một số hiệu ứng đặc biệt thỉnh thoảng và một cảnh khá căng thẳng đặt trên một tàu vũ trụ bị bỏ hoang chứa đầy những con nhện khổng lồ đói khát.Những gì bộ phim đã đi với nó nói chung là mọi người hing khác.Dàn diễn viên hoàn toàn không thuyết phục (ngay cả William Hurt và Gary Oldman), một phần tốt của các hiệu ứng đặc biệt là tỷ lệ thứ hai, và phần phụ liên quan đến thời gian và thời gian ""bong bóng"" cảm thấy bị trói buộc và vô nghĩa.Đây là một bộ phim phiêu lưu ngớ ngẩn thiếu căng thẳng và vui vẻ, hoặc thậm chí là làm phim và viết có thẩm quyền.Tôi chắc chắn những đứa trẻ có thể sẽ thích bộ phim, nhưng hầu hết mọi người khác có thể sẽ cảm thấy thích thú về mặt tinh thần vào thời điểm kết thúc tín dụng.",14 December 2002,Không xác định
16,"Much of today's cliché-type characters and attitudes that you see in modern movies are in this film.....most of which are bad. Too bad, because this could have been a really nice family and funny film. It still was pretty good.THE BAD - First off, the cliché characters (1) Obnoxious kids with a punk- looking teenage girl (Lacey Chabert) and (2) a know-it-all younger brother (Jack Johnson); (3) a father who has ignored his kids for too long; (4) women always having the last say in arguments with men; (5)men looking stupidly macho and uncaring.In addition: (1) Some really dumb and annoying dialog; (2) no reliance on God in any situation; (3) the usual sexual innuendos (despite this being promoted for a family film); (4) cheap shots at marriage and wholesome things, in general.THE GOOD - It features some excellent and unique special-effects; the film moves well despite the length of it (over two hours); the father does look good in the end and the family ""bonds"" are stronger through the ordeal, and, good triumphs over evil. The language is tame in here, too.","Phần lớn các nhân vật và thái độ kiểu sáo rỗng ngày nay mà bạn thấy trong các bộ phim hiện đại là trong bộ phim này ..... hầu hết trong số đó là xấu.Quá tệ, bởi vì đây có thể là một gia đình thực sự tốt đẹp và bộ phim hài hước.Nó vẫn còn khá tốt. BAD- Trước hết, các nhân vật sáo rỗng (1) những đứa trẻ đáng ghét với một cô gái tuổi teen nhìn punk (Lacey Chabert) và (2) một em trai biết tất cả (Jack Johnson);(3) Một người cha đã phớt lờ những đứa con của mình quá lâu;(4) Phụ nữ luôn có tiếng nói cuối cùng trong các cuộc tranh luận với đàn ông;.(2) không phụ thuộc vào Thiên Chúa trong mọi tình huống;(3) các innuendos tình dục thông thường (mặc dù điều này được quảng bá cho một bộ phim gia đình);(4) những bức ảnh giá rẻ tại hôn nhân và những thứ lành mạnh, nói chung. Tốt - nó có một số hiệu ứng đặc biệt tuyệt vời và độc đáo;Bộ phim di chuyển tốt mặc dù có độ dài của nó (hơn hai giờ);Người cha trông thật tuyệt và gia đình ""trái phiếu"" mạnh mẽ hơn thông qua O Rdeal, và, chiến thắng tốt đẹp trên cái ác.Ngôn ngữ được thuần hóa ở đây, quá.",13 October 2006,Không xác định
17,"I liked the movie, but I fear it suffered from the same disease that Star Trek The Motion Picture suffered from - too grandiose a concept, too grand an undertaking, too big an effects budget and enough plot for several movies. Lets see, we have the dysfunctional family becomes functional plot, we have the evil traitor in the med lab plot, the time travel plot, the metallic spider plot, the sexual tension between Dr. Judy and Major Don plot. This puppy had more subplots than a season of X-Files.It was great to see Mark Goddard in a role with some meat on it. However Angela Cartwright and Marta Kristen were given extremely short shrift. And Bill Mumy and Jonathan Harris should have been involved. I know Jonathan Harris doesn't do cameos, but dammit, find him a role! And as for not getting Bill Mumy to play future Will Robinson - as far as I'm concerned, that singlehandedly reduced this flick from a great movie merely a good one. If they had enough money for the hideous yellow excuse for merchandising (how blatant can you get?), they sure had enough to hire the full original cast.","Tôi thích bộ phim, nhưng tôi sợ rằng nó bị bệnh giống như Star Trek bộ phim chuyển động phải chịu từ - một khái niệm quá hoành tráng, quá lớn, một công việc quá lớn ảnh hưởng đến ngân sách và đủ cốt truyện cho một số bộ phim.Hãy xem, chúng ta có gia đình rối loạn chức năng trở thành âm mưu chức năng, chúng ta có kẻ phản bội độc ác trong âm mưu của phòng thí nghiệm Med, âm mưu du hành thời gian, âm mưu của nhện kim loại, căng thẳng tình dục giữa Tiến sĩ Judy và âm mưu lớn của Don.Con chó con này có nhiều cốt truyện hơn một mùa X-Files.I T thật tuyệt khi thấy Mark Goddard trong một vai trò với một số thịt trên đó.Tuy nhiên, Angela Cartwright và Marta Kristen đã được trao cực kỳ ngắn.Và Bill Mumy và Jonathan Harris nên tham gia.Tôi biết Jonathan Harris không làm cameos, nhưng chết tiệt, tìm cho anh ta một vai trò!Và đối với việc không khiến Bill Mumy chơi tương lai Will Robinson - theo như tôi nghĩ, điều đó đã tự tay giảm cái này từ một bộ phim tuyệt vời chỉ là một bộ phim hay.Nếu họ có đủ tiền cho cái cớ màu vàng gớm ghiếc cho Bán hàng (bạn có thể nhận được như thế nào?), Họ chắc chắn đã có đủ để thuê toàn bộ dàn diễn viên gốc.",20 March 1999,Không xác định
18,"William Hurt and Mimi Rogers are two of the most wooden actors, as is only too apparent in this film.  The script, plot, dialogue were all awful -- silly and contrived.  The effects were okay, except for that amazingly phony monkey thing.  Worst of all, there was no sense that anyone was enjoying themselves in making this movie.  They could have gone over the top, had some fun with the idea of re-making what was a pretty cheesy show in its original form, but they were all stone-faced and serious.  I can't believe 80 million was spent on this tripe.  I bemoan the current trend of movies that use expensive, intricate special effects with no good writing to back it up.  The whole industry is cheapened.  There are too many technicians and too few artists working in (mainstream) Hollywood, it seems...please, save those two hours of your life and do something worthwhile!  Time is spinning away even while you read this!  Get off the web!  Go outside!  Breathe the air!  Bite the ass of life!  And don't watch this movie!","William Hurt và Mimi Rogers là hai trong số những diễn viên gỗ nhất, vì chỉ quá rõ ràng trong bộ phim này.Kịch bản, cốt truyện, đối thoại đều là khủng khiếp - ngớ ngẩn và giả tạo.Các hiệu ứng là ổn, ngoại trừ điều khỉ giả mạo đáng kinh ngạc đó.Tệ nhất là không có ý nghĩa rằng bất cứ ai cũng thích làm bộ phim này.Họ có thể đã vượt qua đỉnh cao, đã có một số niềm vui với ý tưởng làm lại một chương trình tuyệt vời ở dạng ban đầu, nhưng tất cả họ đều có mặt bằng đá và nghiêm túc .Tôi không thể tin rằng 80 triệu đã được chi cho tripe này.Tôi bemoan Xu hướng hiện tại của các bộ phim sử dụng các hiệu ứng đặc biệt đắt tiền, phức tạp mà không có văn bản tốt để sao lưu nó.Toàn bộ ngành công nghiệp bị giảm giá.Có quá nhiều kỹ thuật viên và quá ít nghệ sĩ làm việc trong (chính thống) Hollywood, có vẻ như ... làm ơn, hãy cứu hai giờ trong cuộc đời của bạn và làm điều gì đó đáng giá!Thời gian đang quay đi ngay cả khi bạn đọc nó!Rời khỏi web!Đi ra ngoài!Hít thở không khí!Cắn vào mông của cuộc sống! Và đừng xem bộ phim này!",28 November 1998,Không xác định
19,"Lost in Space (1998): Dir: Stephen Hopkins / Cast: William Hurt, Gary Oldman, Matt Leblanc, Mimi Rogers, Heather Graham: Based on the old television show and littered with clichés. The only thing that was lost in space was common sense but it might have helped if the script got lost too. The Robinson family are launched into space for a mission that mankind depends on but Gary Oldman attempts to sabotage their efforts and ends up stranded on board with them. With a concept with all the excitement of a beer commercial and using Matt Leblanc for the marketing. I had more fun counting the strands of hair on the woman sitting in front of me as oppose to watching this stupid film. Lousy directing by Stephen Hopkins who made The Ghost and the Darkness. Special effects are okay and are perhaps the only payoff. Oldman is a decent actor but only some sort of brand of bad luck could have landed him in this garbage. William Hurt and Mimi Rogers do what they can with the limited personalities given to members of the Robinson family. Heather Graham went from a wonderful performance as Roller Girl in Boogie Nights to this tripe. And of course that star of Friends who is suppose to convince people to spend valuable dollars to see this crap because someone from his sitcom is listed in the cast. The result is a pointless spectacle that should be lost in space at the bottom of a land fill. Score: 1 / 10","Lost in Space (1998): Dir: Stephen Hopkins / Cast: William Hurt, Gary Oldman, Matt LeBlanc, Mimi Rogers, Heather Graham: Dựa trên chương trình truyền hình cũ và tràn ngập những lời sáo rỗng.Điều duy nhất bị mất trong không gian là lẽ thường nhưng nó có thể giúp ích nếu kịch bản cũng bị mất.Gia đình Robinson được đưa vào vũ trụ cho một nhiệm vụ mà nhân loại phụ thuộc vào nhưng Gary Oldman cố gắng phá hoại những nỗ lực của họ và cuối cùng bị mắc kẹt trên tàu với họ.Với một khái niệm với tất cả các excitemen t của một quảng cáo bia và sử dụng Matt LeBlanc cho tiếp thị.Tôi đã có nhiều niềm vui hơn khi đếm những sợi tóc trên người phụ nữ ngồi trước mặt tôi để xem bộ phim ngu ngốc này.Lousy chỉ đạo của Stephen Hopkins, người đã tạo nên bóng ma và bóng tối.Hiệu ứng đặc biệt là ổn và có lẽ là tiền thưởng duy nhất.Oldman là một diễn viên tử tế nhưng chỉ một số thương hiệu xui xẻo có thể hạ cánh anh ta vào thùng rác này.William Hurt và Mimi Rogers làm những gì họ có thể với những tính cách hạn chế n cho các thành viên của gia đình Robinson.Heather Graham đã đi từ một màn trình diễn tuyệt vời khi cô gái lăn trong đêm Boogie đến tripe này.Và tất nhiên, ngôi sao của những người bạn được cho là thuyết phục mọi người chi tiêu những đô la quý giá để xem chuyện tào lao này bởi vì ai đó từ sitcom của anh ta được liệt kê trong dàn diễn viên.Kết quả là một cảnh tượng vô nghĩa nên bị mất trong không gian ở dưới cùng của một vùng đất lấp.Điểm: 1/10",1 June 2015,Không xác định
20,"This movie is a monument to its own inanity. The Earth is dying, we have 20 years until the world cannot support human life. Resources are dangerously low, so what do the big brains do? Build a HUGE ship on earth to launch a little ship into space in the most inefficient manner possible. They should have built the little Jupiter 2 on that big space station. They send 1 family and a robot to build a hyperspace gate at the new world (keep in mind it is taking a LOT of resources and manpower to build the earth-based gate, there is no mention as to HOW the Robinsons are supposed to build the second gate. Upon arriving at Alpha prime they will need to build electronic factories, farms, mining operations and a space program to launch all the stuff they will need from Alpha prime into orbit around alpha prime so the family can build a gate to match the one back on earth. That should only take ... oh 150 years or so... HELLOOOOOOOOO? From this poorly planned last ditch effort we move along to getting ""lost in space"" and pretty much abandoning the human race to die, which the human race deserves if the people in charge actually expected this plan to work...","Bộ phim này là một tượng đài cho sự vô tính của riêng nó.Trái đất sắp chết, chúng ta có 20 năm cho đến khi thế giới không thể hỗ trợ cuộc sống của con người.Tài nguyên thấp đến mức nguy hiểm, vậy bộ não lớn làm gì?Xây dựng một con tàu khổng lồ trên trái đất để phóng một con tàu nhỏ vào không gian theo cách không hiệu quả nhất có thể.Họ nên xây dựng Little Jupiter 2 trên trạm vũ trụ lớn đó.Họ gửi 1 gia đình và một robot để xây dựng một cổng không gian siêu LD Cổng dựa trên Trái đất, không có đề cập đến cách các Robinsons được cho là xây dựng cổng thứ hai.Khi đến Alpha Prime, họ sẽ cần xây dựng các nhà máy điện tử, trang trại, hoạt động khai thác và chương trình không gian để khởi động tất cả những thứ họ sẽ cần từ Alpha Prime vào quỹ đạo xung quanh Alpha Prime để gia đình có thể xây dựng một cổng để phù hợptrái đất.Điều đó chỉ nên mất ... oh 150 năm hoặc lâu hơn ... Hellooooooooo?Từ nỗ lực cuối cùng được lên kế hoạch kém này, chúng tôi chuyển đến Bị ""lạc vào không gian"" và từ bỏ khá nhiều loài người để chết, điều mà loài người xứng đáng nếu người dân phụ trách thực sự mong đợi kế hoạch này sẽ hoạt động ...",20 April 1999,Không xác định
21,"Having despised the television series I wasn't sure I would like the movie but it was quite respectable with the story development and implementation. Gary Oldman was great as Dr. Smith but William Hurt always seemed angry. Mimi Rogers provided a steady supportive spouse who was competent as a fellow scientist. Heather Graham was unrecognized to me (being familiar with her later roles). Unlike other reviewers I liked Matt Blanc in his role not having appreciated him in ""Friends"". The allusion to ""Little House on the Prairies"" was amusing. I almost downgraded my rating to a 7 account the ridiclous monkey creature and was expecting it to eat someone or something - maybe spiders. At least is wasn't as creepy as Spider Smith (I mean that in a positive way for the revulsion it generated) - does that make for a spoiler?","Đã coi thường loạt phim truyền hình, tôi không chắc mình sẽ thích bộ phim nhưng nó khá đáng kính trọng với sự phát triển và thực hiện câu chuyện.Gary Oldman thật tuyệt vời như Tiến sĩ Smith nhưng William Hurt luôn có vẻ tức giận.Mimi Rogers cung cấp một người phối ngẫu hỗ trợ ổn định, có năng lực như một nhà khoa học đồng nghiệp.Heather Graham không được nhận ra với tôi (làm quen với vai trò sau này của cô ấy).Không giống như các nhà phê bình khác, tôi thích Matt Blanc trong vai trò của anh ấy không đánh giá cao anh ấy trong ""bạn bè"".Sự ám chỉ đến ""Ngôi nhà nhỏ trên thảo nguyên"" thật thú vị.Tôi gần như hạ cấp xếp hạng của mình xuống một tài khoản 7 sinh vật khỉ chế giễu và đang mong đợi nó sẽ ăn một ai đó hoặc một cái gì đó - có thể là nhện.Ít nhất là không đáng sợ như Spider Smith (ý tôi là theo một cách tích cực cho sự nổi loạn mà nó tạo ra) - điều đó có tạo ra một spoiler không?",24 December 2017,Không xác định
22,"I have always enjoyed this fun sci-fi adventure & i saw it at the cinema way back in the 90's & i had the Awesome action figure of Major. Don West, my favourite character in the movie, he came with his cool gun & battle helmet & a space spider, it was so cool!!! Anyway i think This very 90's big budget summer blockbuster is perfect adventure entertainment & is pretty much exactly what the ""Summer Blockbuster"" is all about.The computer effects are pretty bad now but hey it's a product of it's time & gives it it's 90's charm!!!
Matt LeBlanc is Awesome in his only ever real lead hero role, here he plays handsome & cocky all American battle pilot Major. Don West & hes great, funny & charming, makes me wonder why his Career didn't take off? He will always be remembered for his role as Joey Tribbiani from the t.v show ""Friends"" but it's a shame because he's great in his lead action hero role here & his bit where he's battle armoured-up with his laser gun shooting, as he's running while hundreds of space spiders are chasing him through an abandoned old space ship is the most exciting sequence in the whole movie.""Lost in Space"" has a good ensemble cast with Gary Oldman, Heather Graham, Lacey Chabert, William Hurt, Jack Johnson & Mimi Rogers rounding out the ""Robinson"" family, except Gary Oldman who plays the villain aboard their ship, Dr. Smith. All perform fine but Matt LeBlanc steals the show in every scene.
Apart from the now tacky looking c.g.i (especially the space monkey) everything else is excellent from high production design & a solid sense of Adventure in it's great music score, it's directed fine by the underrated Stephen Hopkins, who I'm a fan of for his excellent ""Predator 2"" & his Brilliant ""Judgment Night"" both underrated 90's Cult Classic films.We all know the story of the Robinson family that gets ""Lost in Space"" & it's a great set-up for a thrilling sci-fi adventure that is fairly harmless in it's pure 90's charming way, it's got funny moments & plenty of cool action scenes, it's a great piece of fun entertainment & i just love it.A really well made & just enjoyable watching experience & the type of film that is so re-watchable, awww Nostalgia & a very cool Matt LeBlanc","Tôi luôn thích cuộc phiêu lưu khoa học viễn tưởng vui nhộn này và tôi đã thấy nó ở rạp chiếu phim vào những năm 90 và tôi đã có một nhân vật hành động tuyệt vời của chuyên ngành.Don West, nhân vật yêu thích của tôi trong phim, anh ấy đến với Gun Cool & Battle Mũ bảo hiểm & A Space Spider, nó thật tuyệt !!!Dù sao tôi nghĩ rằng bộ phim bom tấn mùa hè ngân sách lớn của thập niên 90 này là giải trí phiêu lưu hoàn hảo & khá chính xác là ""bộ phim bom tấn mùa hè"" là tất cả về hiệu ứng máy tính khá tệ nhưng bây giờ là sản phẩm của nó là Tim là Tim. E & cho nó là sự quyến rũ của thập niên 90 !!!
Matt LeBlanc là tuyệt vời trong vai trò anh hùng chính duy nhất thực sự của mình, ở đây anh đóng vai trò chơi đẹp trai và tự phụ tất cả các phi công chiến đấu của Mỹ.Don West & anh ấy tuyệt vời, hài hước và quyến rũ, khiến tôi tự hỏi tại sao sự nghiệp của anh ấy không cất cánh?Anh ấy sẽ luôn được nhớ đến với vai trò là Joey Tribbiani từ chương trình ""Bạn bè"" của T.V nhưng thật xấu hổ vì anh ấy rất tuyệt trong vai trò anh hùng hành động chính của anh ấy ở đây & một chút của anh ấy, nơi anh ấy chiến đấu với việc bắn súng Laser, khi anh ấy chạyTrong khi Hunddr Eds of Space Spiders đang theo đuổi anh ta qua một con tàu không gian cũ bị bỏ hoang là chuỗi thú vị nhất trong toàn bộ bộ phim.Rogers làm tròn gia đình ""Robinson"", ngoại trừ Gary Oldman, người đóng vai nhân vật phản diện trên tàu của họ, Tiến sĩ Smith.Tất cả đều hoạt động tốt nhưng Matt LeBlanc đánh cắp chương trình trong mọi cảnh.
Ngoài cái nhìn hiện tại c.g.i (đặc biệt là con khỉ không gian) Thing Other là tuyệt vời từ thiết kế sản xuất cao và cảm giác phiêu lưu vững chắc trong bản nhạc tuyệt vời của nó, nó được chỉ định tốt bởi Stephen Hopkins bị đánh giá thấp, người mà tôi là người hâm mộ của ""Predator 2"" xuất sắc của anh ấy và ""Đêm phán xét"" xuất sắc của anh ấycả những bộ phim kinh điển đình đám của thập niên 90. Chúng tôi đều biết câu chuyện về gia đình Robinson bị ""lạc trong không gian"" và đó là một thiết lập tuyệt vời cho một cuộc phiêu lưu khoa học viễn tưởng ly kỳ khá vô hại trong cách của nónhững khoảnh khắc hài hước và nhiều Những cảnh hành động thú vị, đó là một phần giải trí thú vị tuyệt vời và tôi chỉ thích nó.",15 February 2020,Không xác định
23,"I'm a little surprised this wasn't more successful than it was. I think it was a timely reboot, which had a good cast and a generous budget and was clearly designed to be the start-up for a series of sequels, which just never eventuated, as the film would have barely made a profit, if any.Lost in Space was aimed at the family market, but wisely didn't fall into the trap, the TV series eventually did, by focusing 90% of the stories on Will, a comical, rather than villainous, Dr Smith and the robot. Onscreen time is pretty much evenly distributed amongst the characters, with Lacey Chabert's Penny, probably copping the least time and the least interesting storyline. I do think we could have done without the stereotypical family dysfunctions sub-plot too. It really doesn't make sense that the United Global Space Force (UGSF) would send up a family who couldn't be relied upon to work together harmoniously. I also would have personally liked to have seen more of Maureen, but the Matt LeBlanc/Heather Graham pairing was terrific, with the romantic chemistry between Don and a very smart, feisty Judy being a highlight of the film.I'm always one for a good time travel story and personally didn't mind the one presented here. At the same time however, I think this may have been a reason the film wasn't a huge success. It just does seem incredibly unlikely that after being thrown off course, in the vastness of space the Jupiter 2 would encounter a vessel from Earth from a later time and then afterwards a couple of older members of their crew. Convenient yes, readily believable? Probably not. Still the screen writer was the very experienced and highly regarded Akiva Goldman, so go figure.However I liked the special effects, especially those relating to the Jupiter 2 and the robot. They paid homages to the originals, whilst significantly updating them. Australian director Stephen Hopkins whose work on this project was pretty thorough in my estimations, has never had a really big hit. I'd liked to have seen him enjoy bigger audiences for Lost in Space, because I would have loved seeing into what uncharted territories a follow-up tale might have taken us.","Tôi hơi ngạc nhiên khi điều này không thành công hơn nó.Tôi nghĩ rằng đó là một khởi động lại kịp thời, có một diễn viên tốt và một ngân sách hào phóng và được thiết kế rõ ràng để trở thành người khởi nghiệp cho một loạt các phần tiếp theo, mà không bao giờ xảy ra, vì bộ phim hầu như không kiếm được lợi nhuận, nếu có bất kỳ.Lost in Space đã nhắm vào thị trường gia đình, nhưng một cách khôn ngoan đã không rơi vào bẫy, loạt phim truyền hình cuối cùng đã làm, bằng cách tập trung 90% câu chuyện về ý chí, một kẻ hài hước, thay vì nhân vật phản diện, Tiến sĩ Smith và Robo t.Thời gian trên màn hình được phân phối đồng đều giữa các nhân vật, với đồng xu của Lacey Chabert, có lẽ đã đối phó với thời gian ít nhất và cốt truyện ít thú vị nhất.Tôi nghĩ rằng chúng ta có thể làm mà không có các rối loạn chức năng gia đình rập khuôn quá.Nó thực sự không có ý nghĩa rằng Lực lượng Vũ trụ Toàn cầu (UGSF) của United Global sẽ gửi một gia đình không thể dựa vào việc làm việc cùng nhau một cách hài hòa.Cá nhân tôi cũng thích nhìn thấy nhiều hơn của Maureen, nhưng Matt LeBlanc /Cặp đôi Heather Graham rất tuyệt vời, với hóa học lãng mạn giữa Don và một Judy rất thông minh, phong kiến là một điểm nổi bật của bộ phim. Tôi luôn luôn là một trong những câu chuyện du hành thời gian tốt và cá nhân không bận tâm đến câu chuyện được trình bày ở đây.Tuy nhiên, đồng thời, tôi nghĩ rằng đây có thể là một lý do khiến bộ phim không thành công lớn.Có vẻ như vô cùng khó xảy ra sau khi bị ném ra, trong sự rộng lớn của không gian, Sao Mộc 2 sẽ gặp một con tàu từ Trái đất sau đó và Th Sau đó, một vài thành viên lớn tuổi trong phi hành đoàn của họ.Thuận tiện có, dễ dàng tin được?Chắc là không.Tuy nhiên, người viết màn hình là Akiva Goldman rất có kinh nghiệm và được đánh giá cao, vì vậy hãy đi. Tuy nhiên, tôi thích các hiệu ứng đặc biệt, đặc biệt là những hiệu ứng liên quan đến Sao Mộc 2 và robot.Họ đã tỏ lòng tôn kính với bản gốc, trong khi cập nhật đáng kể chúng.Giám đốc người Úc Stephen Hopkins, người làm việc trong dự án này khá kỹ lưỡng trong ước tính của tôi, chưa bao giờ có một HI thực sự lớn t.Tôi muốn thấy anh ấy thích những khán giả lớn hơn vì mất trong không gian, bởi vì tôi rất thích nhìn thấy những gì các vùng lãnh thổ chưa được khám phá mà một câu chuyện tiếp theo có thể đã đưa chúng tôi.",22 April 2019,Không xác định
24,"I just saw the 1998 LOST IN SPACE and I still haven't recovered. How could they possibly have made a movie this bad? Two actual good actors, Gary Oldman and William Hurt, are trapped in this atrociously written, badly directed waste of $80 million. Whether or not you liked the cheesy 60s TV series, you're going to hate this.Alright, this is how it goes: it's the future and there's pollution, world peace (ugh!), and terrorists. The Robinson family is going to fly through a ""hyper-space-portal"" (or whatever the hell they call it) to a planet on the other side of the galaxy to colonize it and save humanity. Hurt, playing a respected scientist with no time for his kids, says at a press conference ""there's a lot of space out there to get lost in"" (ugh!). Matt LeBanc from ""Friends"" is horribly miscast as the flying ace who will pilot the Robinson's earth-saving space ship. Then we come to the children... but we wish we hadn't. The little boy is a science-fair genius who wishes his dad had more time for him and the girl is a teenage stereotype who argues with her mother and keeps a video diary. They both have very high, annoying voices, and the lines they deliver are terrible on top of that. Then comes the mother. I don't know who played her, and I don't want to know. They all live in a futuristic house in a futuristic CGI geodesic dome (ugh!). Except for family tensions ""I don't want to give up the next ten years of my life"", the mission appears to be a shoe-in.Then we meet Gary Oldman, the 1998 version of Dr. Smith. He would have been a terrific character if his lines weren't so terrible (I think Akiva Goldsman was trying for Shakespearian). Anyway, he's evil and loves it, and works for the terrorists. He sabotages to mission, getting himself trapped on the ship in the process, and getting the Robinsons lost you know where.Along the way we see thoroughly unconvincing CGI used for just about everything, including an annoying monkey-creature that's supposed to be cute. The costumes (which director Hopkins had a hand in designing) are really terrible glossy-body-mold stuff (think BATMAN AND ROBIN for comparison) which basically gives everybody (even the kids) well defined ahem!- features. Even the music is bad, and horribly arranged. And the end titles go above and beyond tacky, being half music-video, including a rapped-over version of the original theme and sound-bites from the film. And then there's the robot, which the son makes friends with and teaches that it has a ""heart"" (ugh!).The script and direction are still probably the worst atrocities in LOSTIN SPACE. One of the more embarrassing bits has LeBlanc explaining to Heather Graham (to whom he is pathetically attracted) the concept of constellations and draws Porky Pig on a window. Even during intimate dialogue scenes, none of our actors seem sincere, or even to be speaking to one another. These characters don't even talk like human beings.It's hard to believe the studio didn't just put this one on the shelf and leave it there. In the end LOST IN SPACE didn't even make enough money to justify its release. The world really would be a better place without this movie.","Tôi vừa thấy năm 1998 bị mất trong không gian và tôi vẫn chưa hồi phục.Làm thế nào họ có thể đã làm một bộ phim trở nên tồi tệ này?Hai diễn viên giỏi thực sự, Gary Oldman và William Hurt, bị mắc kẹt trong sự lãng phí tàn bạo này, được định hướng xấu là 80 triệu đô la.Cho dù bạn có thích bộ phim truyền hình thập niên 60 hay không, bạn sẽ ghét điều này hay không, đây là cách nó diễn ra: đó là tương lai và có sự ô nhiễm, hòa bình thế giới (ugh!) Và những kẻ khủng bố.Gia đình Robinson sẽ bay qua một ""siêu không gian-sân bay"" (o R dù bất cứ điều gì họ gọi nó) đến một hành tinh ở phía bên kia của thiên hà để xâm chiếm nó và cứu nhân loại.Hurt, đóng vai một nhà khoa học đáng kính không có thời gian cho những đứa trẻ của mình, nói trong một cuộc họp báo ""có rất nhiều không gian ngoài kia để bị lạc trong"" (Ugh!).Matt Lebanc từ ""Những người bạn"" bị sai lầm khủng khiếp khi Ace Flying, người sẽ điều khiển con tàu không gian tiết kiệm Trái đất của Robinson.Sau đó, chúng tôi đến với bọn trẻ ... nhưng chúng tôi ước mình đã không.Cậu bé là một thiên tài khoa học, mong muốn cha mình có mo Thời gian cho anh ấy và cô gái là một khuôn mẫu tuổi teen, người tranh cãi với mẹ và giữ một cuốn nhật ký video.Cả hai đều có giọng nói rất cao, khó chịu và những dòng họ cung cấp là khủng khiếp trên đó.Sau đó đến người mẹ.Tôi không biết ai đã chơi cô ấy, và tôi không muốn biết.Tất cả họ đều sống trong một ngôi nhà tương lai trong một mái vòm trắc địa CGI tương lai (UGH!).Ngoại trừ căng thẳng gia đình ""Tôi không muốn từ bỏ mười năm tiếp theo của cuộc đời mình"", nhiệm vụ dường như là một chiếc giày. Sau đó, chúng tôi gặp Gary ol DMAN, phiên bản năm 1998 của Tiến sĩ Smith.Anh ta sẽ là một nhân vật tuyệt vời nếu những câu thoại của anh ta không quá khủng khiếp (tôi nghĩ Akiva Goldsman đang cố gắng cho Shakespearian).Dù sao, anh ta xấu xa và yêu nó, và làm việc cho những kẻ khủng bố.Anh ta phá hoại nhiệm vụ, tự mình bị mắc kẹt trên con tàu trong quá trình này và khiến Robinsons bị mất bạn biết ở đâu. Theo cách chúng ta thấy CGI không thuyết phục được sử dụng cho mọi thứ, bao gồm cả một sinh vật khỉ khó chịu mà dễ thương.Các Trang phục (mà đạo diễn Hopkins đã có một tay trong thiết kế) là những thứ thực sự khủng khiếp-body-body-mold (nghĩ rằng Batman và Robin để so sánh) về cơ bản mang đến cho mọi người (ngay cả những đứa trẻ) được xác định rõ!-Các tính năng.Ngay cả âm nhạc cũng xấu, và được sắp xếp khủng khiếp.Và các tựa game kết thúc vượt lên trên và vượt ra ngoài Tacky, là một nửa âm nhạc, bao gồm một phiên bản rap-over của chủ đề gốc và âm thanh cắn từ bộ phim.Và sau đó là robot mà con trai kết bạn và dạy rằng tôi T có một ""trái tim"" (ugh!). Kịch bản và hướng có lẽ vẫn là sự tàn bạo tồi tệ nhất trong không gian Lostin.Một trong những bit đáng xấu hổ hơn có LeBlanc giải thích cho Heather Graham (người mà anh ta bị thu hút một cách thảm hại) khái niệm về các chòm sao và vẽ con lợn porky trên cửa sổ.Ngay cả trong những cảnh đối thoại thân mật, không ai trong số các diễn viên của chúng tôi có vẻ chân thành, hoặc thậm chí được nói chuyện với nhau.Những nhân vật này thậm chí không nói chuyện như con người. Thật khó để tin rằng hãng phim không chỉ đặt phần này Trên kệ và để nó ở đó.Cuối cùng, mất trong không gian thậm chí không kiếm đủ tiền để biện minh cho việc phát hành.Thế giới thực sự sẽ là một nơi tốt hơn nếu không có bộ phim này.",21 February 2004,Không xác định
